UUID,Date,Timestamp
U_ea567506-8479-4a6c-9046-9b339a7681c2,14/06/2023,10:48:29
U_ea567506-8479-4a6c-9046-9b339a7681c2,14/06/2023,10:48:29
U_ea567506-8479-4a6c-9046-9b339a7681c2,14/06/2023,10:48:29
U_ea567506-8479-4a6c-9046-9b339a7681c2,14/06/2023,10:48:29
U_ea567506-8479-4a6c-9046-9b339a7681c2,14/06/2023,10:48:29
U_ea567506-8479-4a6c-9046-9b339a7681c2,14/06/2023,10:48:29
U_ea567506-8479-4a6c-9046-9b339a7681c2,14/06/2023,10:48:29
U_ea567506-8479-4a6c-9046-9b339a7681c2,14/06/2023,10:48:29
U_ea567506-8479-4a6c-9046-9b339a7681c2,14/06/2023,10:48:29
U_ea567506-8479-4a6c-9046-9b339a7681c2,14/06/2023,10:48:29
U_ea567506-8479-4a6c-9046-9b339a7681c2,14/06/2023,10:48:29
U_ea567506-8479-4a6c-9046-9b339a7681c2,14/06/2023,10:48:29
U_ea567506-8479-4a6c-9046-9b339a7681c2,14/06/2023,10:48:29
U_ea567506-8479-4a6c-9046-9b339a7681c2,14/06/2023,10:48:29
U_ea567506-8479-4a6c-9046-9b339a7681c2,14/06/2023,10:48:29
U_ea567506-8479-4a6c-9046-9b339a7681c2,14/06/2023,10:48:29
U_ea567506-8479-4a6c-9046-9b339a7681c2,14/06/2023,10:48:29
U_ea567506-8479-4a6c-9046-9b339a7681c2,14/06/2023,10:49:50
U_ea567506-8479-4a6c-9046-9b339a7681c2,14/06/2023,11:09:21
U_ea567506-8479-4a6c-9046-9b339a7681c2,14/06/2023,11:09:21
U_ea567506-8479-4a6c-9046-9b339a7681c2,14/06/2023,11:09:21
U_ea567506-8479-4a6c-9046-9b339a7681c2,14/06/2023,11:09:21
U_ea567506-8479-4a6c-9046-9b339a7681c2,14/06/2023,11:09:21
U_ea567506-8479-4a6c-9046-9b339a7681c2,14/06/2023,11:09:21
U_ea567506-8479-4a6c-9046-9b339a7681c2,14/06/2023,11:09:21
U_ea567506-8479-4a6c-9046-9b339a7681c2,14/06/2023,11:09:21
U_ea567506-8479-4a6c-9046-9b339a7681c2,14/06/2023,11:09:21
U_ea567506-8479-4a6c-9046-9b339a7681c2,14/06/2023,11:09:21
U_ea567506-8479-4a6c-9046-9b339a7681c2,14/06/2023,11:09:21
U_ea567506-8479-4a6c-9046-9b339a7681c2,14/06/2023,11:09:21
U_ea567506-8479-4a6c-9046-9b339a7681c2,14/06/2023,11:09:21
U_ea567506-8479-4a6c-9046-9b339a7681c2,14/06/2023,11:09:21
U_ea567506-8479-4a6c-9046-9b339a7681c2,14/06/2023,11:09:21
U_ea567506-8479-4a6c-9046-9b339a7681c2,14/06/2023,11:09:21
U_ea567506-8479-4a6c-9046-9b339a7681c2,14/06/2023,11:12:55
U_ea567506-8479-4a6c-9046-9b339a7681c2,14/06/2023,11:12:55
U_ea567506-8479-4a6c-9046-9b339a7681c2,14/06/2023,11:12:55
U_ea567506-8479-4a6c-9046-9b339a7681c2,14/06/2023,11:14:51
U_ea567506-8479-4a6c-9046-9b339a7681c2,14/06/2023,11:14:51
U_ea567506-8479-4a6c-9046-9b339a7681c2,14/06/2023,11:14:51
U_ea567506-8479-4a6c-9046-9b339a7681c2,14/06/2023,11:14:51
U_ea567506-8479-4a6c-9046-9b339a7681c2,14/06/2023,11:14:51
U_ea567506-8479-4a6c-9046-9b339a7681c2,14/06/2023,11:14:51
U_ea567506-8479-4a6c-9046-9b339a7681c2,14/06/2023,11:17:27
U_ea567506-8479-4a6c-9046-9b339a7681c2,14/06/2023,11:17:27
U_ea567506-8479-4a6c-9046-9b339a7681c2,14/06/2023,11:17:27
U_ea567506-8479-4a6c-9046-9b339a7681c2,14/06/2023,11:17:27
U_ea567506-8479-4a6c-9046-9b339a7681c2,14/06/2023,11:17:27
U_ea567506-8479-4a6c-9046-9b339a7681c2,14/06/2023,11:17:27
U_ea567506-8479-4a6c-9046-9b339a7681c2,14/06/2023,11:17:27
U_ea567506-8479-4a6c-9046-9b339a7681c2,14/06/2023,11:17:27
U_ea567506-8479-4a6c-9046-9b339a7681c2,14/06/2023,11:17:27
U_ea567506-8479-4a6c-9046-9b339a7681c2,14/06/2023,11:19:42
U_ea567506-8479-4a6c-9046-9b339a7681c2,14/06/2023,11:19:42
U_ea567506-8479-4a6c-9046-9b339a7681c2,14/06/2023,11:19:42
U_ea567506-8479-4a6c-9046-9b339a7681c2,14/06/2023,11:19:42
U_ea567506-8479-4a6c-9046-9b339a7681c2,14/06/2023,11:19:42
U_ea567506-8479-4a6c-9046-9b339a7681c2,14/06/2023,11:19:42
U_ea567506-8479-4a6c-9046-9b339a7681c2,14/06/2023,11:28:54
U_ea567506-8479-4a6c-9046-9b339a7681c2,14/06/2023,11:28:54
U_ea567506-8479-4a6c-9046-9b339a7681c2,14/06/2023,11:28:54
U_ea567506-8479-4a6c-9046-9b339a7681c2,14/06/2023,11:28:54
U_ea567506-8479-4a6c-9046-9b339a7681c2,14/06/2023,11:28:54
U_ea567506-8479-4a6c-9046-9b339a7681c2,14/06/2023,11:28:54
U_ea567506-8479-4a6c-9046-9b339a7681c2,14/06/2023,11:28:54
U_ea567506-8479-4a6c-9046-9b339a7681c2,14/06/2023,11:28:54
U_ea567506-8479-4a6c-9046-9b339a7681c2,14/06/2023,11:28:54
U_ea567506-8479-4a6c-9046-9b339a7681c2,14/06/2023,11:28:54
U_ea567506-8479-4a6c-9046-9b339a7681c2,14/06/2023,11:35:43
U_ea567506-8479-4a6c-9046-9b339a7681c2,14/06/2023,11:35:43
U_ea567506-8479-4a6c-9046-9b339a7681c2,14/06/2023,11:35:43
U_ea567506-8479-4a6c-9046-9b339a7681c2,14/06/2023,11:35:43
U_ea567506-8479-4a6c-9046-9b339a7681c2,14/06/2023,11:35:43
U_ea567506-8479-4a6c-9046-9b339a7681c2,14/06/2023,11:35:43
U_ea567506-8479-4a6c-9046-9b339a7681c2,14/06/2023,11:35:43
U_ea567506-8479-4a6c-9046-9b339a7681c2,14/06/2023,11:35:43
U_ea567506-8479-4a6c-9046-9b339a7681c2,14/06/2023,11:37:29
U_ea567506-8479-4a6c-9046-9b339a7681c2,14/06/2023,11:37:29
U_ea567506-8479-4a6c-9046-9b339a7681c2,14/06/2023,11:37:29
U_ea567506-8479-4a6c-9046-9b339a7681c2,14/06/2023,11:37:29
U_ea567506-8479-4a6c-9046-9b339a7681c2,14/06/2023,11:37:29
U_ea567506-8479-4a6c-9046-9b339a7681c2,14/06/2023,11:41:42
U_ea567506-8479-4a6c-9046-9b339a7681c2,14/06/2023,11:41:42
U_05d5e21b-301b-44e9-a4dd-67528d6d99b6,14/06/2023,11:41:42
U_05d5e21b-301b-44e9-a4dd-67528d6d99b6,14/06/2023,11:41:42
U_ea567506-8479-4a6c-9046-9b339a7681c2,14/06/2023,11:41:42
U_ea567506-8479-4a6c-9046-9b339a7681c2,14/06/2023,11:42:53
U_05d5e21b-301b-44e9-a4dd-67528d6d99b6,14/06/2023,11:42:53
U_ea567506-8479-4a6c-9046-9b339a7681c2,14/06/2023,11:42:53
U_05d5e21b-301b-44e9-a4dd-67528d6d99b6,14/06/2023,11:42:53
U_ea567506-8479-4a6c-9046-9b339a7681c2,14/06/2023,11:42:53
U_ea567506-8479-4a6c-9046-9b339a7681c2,14/06/2023,11:44:27
U_05d5e21b-301b-44e9-a4dd-67528d6d99b6,14/06/2023,11:44:27
U_ea567506-8479-4a6c-9046-9b339a7681c2,14/06/2023,11:44:27
U_05d5e21b-301b-44e9-a4dd-67528d6d99b6,14/06/2023,11:44:27
U_ea567506-8479-4a6c-9046-9b339a7681c2,14/06/2023,11:44:27
U_ea567506-8479-4a6c-9046-9b339a7681c2,14/06/2023,11:48:23
U_05d5e21b-301b-44e9-a4dd-67528d6d99b6,14/06/2023,11:48:23
U_05d5e21b-301b-44e9-a4dd-67528d6d99b6,14/06/2023,11:48:23
U_ea567506-8479-4a6c-9046-9b339a7681c2,14/06/2023,11:48:23
U_05d5e21b-301b-44e9-a4dd-67528d6d99b6,14/06/2023,11:48:23
U_05d5e21b-301b-44e9-a4dd-67528d6d99b6,14/06/2023,11:48:23
U_ea567506-8479-4a6c-9046-9b339a7681c2,14/06/2023,11:48:23
U_ea567506-8479-4a6c-9046-9b339a7681c2,14/06/2023,11:53:36
U_ea567506-8479-4a6c-9046-9b339a7681c2,14/06/2023,11:54:35
U_ea567506-8479-4a6c-9046-9b339a7681c2,14/06/2023,11:54:35
U_ea567506-8479-4a6c-9046-9b339a7681c2,14/06/2023,11:54:35
U_ea567506-8479-4a6c-9046-9b339a7681c2,14/06/2023,11:54:35
U_ea567506-8479-4a6c-9046-9b339a7681c2,14/06/2023,11:56:12
U_ea567506-8479-4a6c-9046-9b339a7681c2,14/06/2023,11:56:12
U_ea567506-8479-4a6c-9046-9b339a7681c2,14/06/2023,11:56:12
U_ea567506-8479-4a6c-9046-9b339a7681c2,14/06/2023,11:56:12
U_ea567506-8479-4a6c-9046-9b339a7681c2,14/06/2023,11:56:12
U_ea567506-8479-4a6c-9046-9b339a7681c2,14/06/2023,11:56:12
U_ea567506-8479-4a6c-9046-9b339a7681c2,14/06/2023,11:56:12
U_ea567506-8479-4a6c-9046-9b339a7681c2,14/06/2023,11:56:12
U_ea567506-8479-4a6c-9046-9b339a7681c2,14/06/2023,11:56:12
U_ea567506-8479-4a6c-9046-9b339a7681c2,14/06/2023,11:56:12
U_3e080fda-d821-472b-8077-5132b9b71f6f,14/06/2023,15:19:27
U_a7227ad0-827d-4f1b-9122-5efd9183c747,14/06/2023,15:21:43
U_a7227ad0-827d-4f1b-9122-5efd9183c747,14/06/2023,15:23:56
U_a7227ad0-827d-4f1b-9122-5efd9183c747,14/06/2023,15:26:09
U_a7227ad0-827d-4f1b-9122-5efd9183c747,14/06/2023,15:26:09
U_a7227ad0-827d-4f1b-9122-5efd9183c747,14/06/2023,15:26:09
U_a7227ad0-827d-4f1b-9122-5efd9183c747,14/06/2023,15:26:09
U_a7227ad0-827d-4f1b-9122-5efd9183c747,14/06/2023,15:26:09
U_a7227ad0-827d-4f1b-9122-5efd9183c747,14/06/2023,15:26:09
U_a7227ad0-827d-4f1b-9122-5efd9183c747,14/06/2023,15:26:09
U_a7227ad0-827d-4f1b-9122-5efd9183c747,14/06/2023,15:26:09
U_9f3277ab-5b52-479b-8b0a-1c79c7389e8b,14/06/2023,15:26:09
U_a7227ad0-827d-4f1b-9122-5efd9183c747,14/06/2023,15:26:09
U_9f3277ab-5b52-479b-8b0a-1c79c7389e8b,14/06/2023,15:26:09
U_a7227ad0-827d-4f1b-9122-5efd9183c747,14/06/2023,15:26:09
U_9f3277ab-5b52-479b-8b0a-1c79c7389e8b,14/06/2023,15:26:09
U_a7227ad0-827d-4f1b-9122-5efd9183c747,14/06/2023,15:26:09
U_9f3277ab-5b52-479b-8b0a-1c79c7389e8b,14/06/2023,15:26:09
U_a7227ad0-827d-4f1b-9122-5efd9183c747,14/06/2023,15:26:09
U_9f3277ab-5b52-479b-8b0a-1c79c7389e8b,14/06/2023,15:26:09
U_a7227ad0-827d-4f1b-9122-5efd9183c747,14/06/2023,15:26:09
U_9f3277ab-5b52-479b-8b0a-1c79c7389e8b,14/06/2023,15:26:09
U_a7227ad0-827d-4f1b-9122-5efd9183c747,14/06/2023,15:26:09
U_9f3277ab-5b52-479b-8b0a-1c79c7389e8b,14/06/2023,15:26:09
U_a7227ad0-827d-4f1b-9122-5efd9183c747,14/06/2023,15:26:09
U_91efc704-6315-4ca8-97b9-354d69461a66,14/06/2023,15:36:17
U_91efc704-6315-4ca8-97b9-354d69461a66,14/06/2023,15:36:17
U_91efc704-6315-4ca8-97b9-354d69461a66,14/06/2023,15:36:17
U_91efc704-6315-4ca8-97b9-354d69461a66,14/06/2023,15:36:17
U_91efc704-6315-4ca8-97b9-354d69461a66,14/06/2023,15:36:17
U_91efc704-6315-4ca8-97b9-354d69461a66,14/06/2023,15:36:17
U_91efc704-6315-4ca8-97b9-354d69461a66,14/06/2023,15:36:17
U_79b76878-485a-4246-8274-94b43355cf1d,14/06/2023,15:36:17
U_79b76878-485a-4246-8274-94b43355cf1d,14/06/2023,15:36:17
U_79b76878-485a-4246-8274-94b43355cf1d,14/06/2023,15:36:17
U_91efc704-6315-4ca8-97b9-354d69461a66,14/06/2023,15:36:17
U_91efc704-6315-4ca8-97b9-354d69461a66,14/06/2023,15:36:17
U_91efc704-6315-4ca8-97b9-354d69461a66,14/06/2023,15:36:17
U_91efc704-6315-4ca8-97b9-354d69461a66,14/06/2023,15:36:17
U_79b76878-485a-4246-8274-94b43355cf1d,14/06/2023,15:36:17
U_91efc704-6315-4ca8-97b9-354d69461a66,14/06/2023,15:36:17
U_79b76878-485a-4246-8274-94b43355cf1d,14/06/2023,15:36:17
U_79b76878-485a-4246-8274-94b43355cf1d,14/06/2023,15:36:17
U_91efc704-6315-4ca8-97b9-354d69461a66,14/06/2023,15:36:17
U_79b76878-485a-4246-8274-94b43355cf1d,14/06/2023,15:36:17
U_79b76878-485a-4246-8274-94b43355cf1d,14/06/2023,15:36:17
U_91efc704-6315-4ca8-97b9-354d69461a66,14/06/2023,15:42:30
U_91efc704-6315-4ca8-97b9-354d69461a66,14/06/2023,15:42:30
U_91efc704-6315-4ca8-97b9-354d69461a66,14/06/2023,15:42:30
U_91efc704-6315-4ca8-97b9-354d69461a66,14/06/2023,15:42:30
U_91efc704-6315-4ca8-97b9-354d69461a66,14/06/2023,15:42:30
U_91efc704-6315-4ca8-97b9-354d69461a66,14/06/2023,15:42:30
U_91efc704-6315-4ca8-97b9-354d69461a66,14/06/2023,15:42:30
U_91efc704-6315-4ca8-97b9-354d69461a66,14/06/2023,15:42:30
U_91efc704-6315-4ca8-97b9-354d69461a66,14/06/2023,15:42:30
U_91efc704-6315-4ca8-97b9-354d69461a66,14/06/2023,15:45:10
U_91efc704-6315-4ca8-97b9-354d69461a66,14/06/2023,15:48:28
U_91efc704-6315-4ca8-97b9-354d69461a66,14/06/2023,15:48:28
U_91efc704-6315-4ca8-97b9-354d69461a66,14/06/2023,15:48:28
U_91efc704-6315-4ca8-97b9-354d69461a66,14/06/2023,15:48:28
U_91efc704-6315-4ca8-97b9-354d69461a66,14/06/2023,15:48:28
U_91efc704-6315-4ca8-97b9-354d69461a66,14/06/2023,15:48:28
U_91efc704-6315-4ca8-97b9-354d69461a66,14/06/2023,15:48:28
U_91efc704-6315-4ca8-97b9-354d69461a66,14/06/2023,15:48:28
U_91efc704-6315-4ca8-97b9-354d69461a66,14/06/2023,15:48:28
U_91efc704-6315-4ca8-97b9-354d69461a66,14/06/2023,15:48:28
U_91efc704-6315-4ca8-97b9-354d69461a66,14/06/2023,15:48:28
U_91efc704-6315-4ca8-97b9-354d69461a66,14/06/2023,15:48:28
U_a0537c0a-9d99-4c65-8d22-e600dbcd7448,14/06/2023,15:48:28
U_91efc704-6315-4ca8-97b9-354d69461a66,14/06/2023,15:52:19
U_91efc704-6315-4ca8-97b9-354d69461a66,14/06/2023,15:52:19
U_06944ff7-8b4c-4fcd-9202-261096c5996a,14/06/2023,15:58:31
U_d78a5ae2-917a-4b82-80f9-749bda6aab19,14/06/2023,15:58:31
U_d78a5ae2-917a-4b82-80f9-749bda6aab19,14/06/2023,15:58:31
U_06944ff7-8b4c-4fcd-9202-261096c5996a,14/06/2023,15:58:31
U_06944ff7-8b4c-4fcd-9202-261096c5996a,14/06/2023,15:58:31
U_d78a5ae2-917a-4b82-80f9-749bda6aab19,14/06/2023,15:58:31
U_d78a5ae2-917a-4b82-80f9-749bda6aab19,14/06/2023,15:58:31
U_06944ff7-8b4c-4fcd-9202-261096c5996a,14/06/2023,15:58:31
U_d78a5ae2-917a-4b82-80f9-749bda6aab19,14/06/2023,15:58:31
U_06944ff7-8b4c-4fcd-9202-261096c5996a,14/06/2023,15:58:31
U_06944ff7-8b4c-4fcd-9202-261096c5996a,14/06/2023,15:58:31
U_06944ff7-8b4c-4fcd-9202-261096c5996a,14/06/2023,15:58:31
U_06944ff7-8b4c-4fcd-9202-261096c5996a,14/06/2023,15:58:31
U_06944ff7-8b4c-4fcd-9202-261096c5996a,14/06/2023,15:58:31
U_06944ff7-8b4c-4fcd-9202-261096c5996a,14/06/2023,15:58:31
U_06944ff7-8b4c-4fcd-9202-261096c5996a,14/06/2023,15:58:31
U_06944ff7-8b4c-4fcd-9202-261096c5996a,14/06/2023,15:58:31
U_06944ff7-8b4c-4fcd-9202-261096c5996a,14/06/2023,15:58:31
U_06944ff7-8b4c-4fcd-9202-261096c5996a,14/06/2023,15:58:31
U_d78a5ae2-917a-4b82-80f9-749bda6aab19,14/06/2023,15:58:31
U_438b9081-8c71-4e8d-a81e-ff794a4fb74d,14/06/2023,15:58:31
U_06944ff7-8b4c-4fcd-9202-261096c5996a,14/06/2023,15:58:31
U_06944ff7-8b4c-4fcd-9202-261096c5996a,14/06/2023,15:58:31
U_06944ff7-8b4c-4fcd-9202-261096c5996a,14/06/2023,15:58:31
U_06944ff7-8b4c-4fcd-9202-261096c5996a,14/06/2023,15:58:31
U_06944ff7-8b4c-4fcd-9202-261096c5996a,14/06/2023,15:58:31
U_06944ff7-8b4c-4fcd-9202-261096c5996a,14/06/2023,15:58:31
U_06944ff7-8b4c-4fcd-9202-261096c5996a,14/06/2023,15:58:31
U_06944ff7-8b4c-4fcd-9202-261096c5996a,14/06/2023,15:58:31
U_06944ff7-8b4c-4fcd-9202-261096c5996a,14/06/2023,15:58:31
U_06944ff7-8b4c-4fcd-9202-261096c5996a,14/06/2023,15:58:31
U_06944ff7-8b4c-4fcd-9202-261096c5996a,14/06/2023,15:58:31
U_06944ff7-8b4c-4fcd-9202-261096c5996a,14/06/2023,15:58:31
U_06944ff7-8b4c-4fcd-9202-261096c5996a,14/06/2023,15:58:31
U_06944ff7-8b4c-4fcd-9202-261096c5996a,14/06/2023,15:58:31
U_06944ff7-8b4c-4fcd-9202-261096c5996a,14/06/2023,15:58:31
U_06944ff7-8b4c-4fcd-9202-261096c5996a,14/06/2023,15:58:31
U_d78a5ae2-917a-4b82-80f9-749bda6aab19,14/06/2023,15:58:31
U_d78a5ae2-917a-4b82-80f9-749bda6aab19,14/06/2023,15:58:31
U_06944ff7-8b4c-4fcd-9202-261096c5996a,14/06/2023,15:58:31
U_06944ff7-8b4c-4fcd-9202-261096c5996a,14/06/2023,15:58:31
U_06944ff7-8b4c-4fcd-9202-261096c5996a,14/06/2023,15:58:31
U_6df25e61-17e2-4bbc-a3b8-1891645bde04,14/06/2023,17:56:59
U_6df25e61-17e2-4bbc-a3b8-1891645bde04,14/06/2023,17:56:59
U_6df25e61-17e2-4bbc-a3b8-1891645bde04,14/06/2023,17:56:59
U_6df25e61-17e2-4bbc-a3b8-1891645bde04,14/06/2023,17:56:59
U_6df25e61-17e2-4bbc-a3b8-1891645bde04,14/06/2023,17:56:59
U_6df25e61-17e2-4bbc-a3b8-1891645bde04,14/06/2023,17:56:59
U_6df25e61-17e2-4bbc-a3b8-1891645bde04,14/06/2023,17:56:59
U_6df25e61-17e2-4bbc-a3b8-1891645bde04,14/06/2023,17:56:59
U_6df25e61-17e2-4bbc-a3b8-1891645bde04,14/06/2023,17:56:59
U_6df25e61-17e2-4bbc-a3b8-1891645bde04,14/06/2023,17:56:59
U_6df25e61-17e2-4bbc-a3b8-1891645bde04,14/06/2023,17:56:59
U_6df25e61-17e2-4bbc-a3b8-1891645bde04,14/06/2023,17:56:59
U_6df25e61-17e2-4bbc-a3b8-1891645bde04,14/06/2023,17:56:59
U_6df25e61-17e2-4bbc-a3b8-1891645bde04,14/06/2023,17:56:59
U_6df25e61-17e2-4bbc-a3b8-1891645bde04,14/06/2023,17:56:59
U_6df25e61-17e2-4bbc-a3b8-1891645bde04,14/06/2023,17:56:59
U_6df25e61-17e2-4bbc-a3b8-1891645bde04,14/06/2023,17:56:59
U_6df25e61-17e2-4bbc-a3b8-1891645bde04,14/06/2023,17:56:59
U_6df25e61-17e2-4bbc-a3b8-1891645bde04,14/06/2023,17:56:59
U_6df25e61-17e2-4bbc-a3b8-1891645bde04,14/06/2023,17:56:59
U_6df25e61-17e2-4bbc-a3b8-1891645bde04,14/06/2023,17:56:59
U_6df25e61-17e2-4bbc-a3b8-1891645bde04,14/06/2023,17:56:59
U_6df25e61-17e2-4bbc-a3b8-1891645bde04,14/06/2023,17:56:59
U_6df25e61-17e2-4bbc-a3b8-1891645bde04,14/06/2023,17:56:59
U_6df25e61-17e2-4bbc-a3b8-1891645bde04,14/06/2023,17:56:59
U_6df25e61-17e2-4bbc-a3b8-1891645bde04,14/06/2023,17:56:59
U_6df25e61-17e2-4bbc-a3b8-1891645bde04,14/06/2023,17:56:59
U_6df25e61-17e2-4bbc-a3b8-1891645bde04,14/06/2023,17:56:59
U_6df25e61-17e2-4bbc-a3b8-1891645bde04,14/06/2023,17:56:59
